account_value,date,daily_return
100000.0,2014-09-10,
98335.40263414383,2014-09-12,-0.016645973658561686
97125.23614692688,2014-09-15,-0.012306518860957572
99557.81627899053,2014-09-17,0.025045809189938595
100361.42116816778,2014-09-18,0.008071740815661421
98832.08713096337,2014-09-19,-0.015238266052867377
97691.19890570354,2014-09-22,-0.011543702641309439
96661.92736339943,2014-09-23,-0.010535970014019513
97638.70033402003,2014-09-24,0.010105043394680546
95608.62715048893,2014-09-25,-0.020791685843689622
96241.62335858266,2014-09-26,0.006620701781413274
96171.23016055989,2014-09-29,-0.0007314215571830873
96181.15617879607,2014-09-30,0.00010321192959272807
94035.0170424026,2014-10-01,-0.022313509440496815
94449.27811417647,2014-10-02,0.004405391574364925
96560.45910744241,2014-10-03,0.02235253710159446
96420.92175614258,2014-10-06,-0.0014450775461265497
94985.87332379242,2014-10-07,-0.014883164423376227
97224.8866361322,2014-10-08,0.02357206639251852
95285.74778019806,2014-10-09,-0.019944881635001965
90872.67635476013,2014-10-13,-0.046314076640484036
91057.41508670842,2014-10-14,0.002032940366222924
91807.6147762577,2014-10-15,0.00823875451367595
92827.03829734263,2014-10-16,0.01110391031908775
94607.92689756471,2014-10-17,0.019185020150245036
95321.46662782061,2014-10-20,0.0075420713005209805
98475.05915902482,2014-10-21,0.033083760067575296
96690.39876721727,2014-10-22,-0.018122968465807743
98586.94782285388,2014-10-23,0.01961465750288771
100125.73479235062,2014-10-24,0.015608424882588956
100333.13023422073,2014-10-27,0.0020713500110658423
102045.47657336252,2014-10-28,0.017066609355697704
102224.59629191415,2014-10-30,0.00175529307683564
103035.10624922768,2014-10-31,0.007928717615074188
102592.90663636403,2014-11-03,-0.004291737340417101
102372.09424139286,2014-11-04,-0.00215231639506841
102368.32356207092,2014-11-05,-3.683307789958956e-05
103489.21641816695,2014-11-06,0.010949606451417404
104022.35234775145,2014-11-07,0.005151608525377771
105141.69644393523,2014-11-10,0.010760611262104147
104908.64515582866,2014-11-11,-0.002216544872193804
104824.27667099192,2014-11-12,-0.000804209078397844
104701.98325067713,2014-11-13,-0.0011666516974748742
103616.98481756404,2014-11-17,-0.010362730479664295
104766.1181698437,2014-11-18,0.011090202579267405
104156.3182053326,2014-11-19,-0.0058205837456200005
104578.0742983578,2014-11-20,0.004049260767779339
105679.89482352717,2014-11-21,0.010535865501079211
105941.87339541895,2014-11-24,0.0024789821406356882
105409.10280320627,2014-11-25,-0.005028895328518135
106281.30697200281,2014-11-26,0.008274467248098105
106540.54186699374,2014-11-28,0.002439139133462165
105296.0481173752,2014-12-01,-0.011680940680517393
106757.37213013155,2014-12-02,0.013878241765800992
108236.66069719775,2014-12-03,0.013856547211212877
107676.12679884417,2014-12-04,-0.005178780412689599
108224.66231152994,2014-12-05,0.005094309472242875
107336.71749970896,2014-12-08,-0.00820464386633979
108092.30178546898,2014-12-09,0.007039383198597093
106040.60204957065,2014-12-10,-0.01898099773997175
105435.26009214412,2014-12-11,-0.005708586576522401
104066.51783454906,2014-12-12,-0.012981826538852936
102380.6004732896,2014-12-15,-0.01620038218190245
100731.57664096843,2014-12-16,-0.016106799771616775
102794.82425773631,2014-12-17,0.02048263003091666
105835.78064883243,2014-12-18,0.02958277727555192
107653.12937391292,2014-12-19,0.01717140190150368
107462.22833812724,2014-12-22,-0.0017732975984620092
106451.01253116618,2014-12-23,-0.009409964995135689
107004.84240973483,2014-12-24,0.0052026736561712195
108132.31163619063,2014-12-26,0.010536618727389646
107972.8079055512,2014-12-29,-0.0014750792637825416
106465.92804596967,2014-12-30,-0.013956105141765596
105267.46811895107,2014-12-31,-0.011256746162970899
105635.49241817593,2015-01-02,0.0034960876878789016
103957.29960464612,2015-01-05,-0.015886637863024244
102703.58415937841,2015-01-06,-0.012059907770167522
104548.93311024128,2015-01-07,0.017967717153855256
106029.09042141816,2015-01-08,0.014157555387161569
105328.50538603008,2015-01-09,-0.006607479443646702
104486.45985588881,2015-01-12,-0.007994469560307249
104185.98892183129,2015-01-13,-0.002875692548794717
104240.5691260248,2015-01-14,0.000523872785182844
103152.18549013365,2015-01-15,-0.010441075341552586
104592.35768920471,2015-01-16,0.013961625652699539
105351.62975770523,2015-01-20,0.007259345570511888
106019.25628072312,2015-01-21,0.006337125724142467
107009.85624391129,2015-01-22,0.009343585287612477
106932.30410081436,2015-01-23,-0.0007247196269487555
106742.66277534058,2015-01-26,-0.0017734708614807193
105558.04644424011,2015-01-27,-0.011097871275646431
103936.4863386779,2015-01-28,-0.015361785862708088
104945.25779515793,2015-01-29,0.009705652865663827
104749.53178169913,2015-01-30,-0.0018650296123035037
105608.42655972492,2015-02-02,0.008199509471944477
106163.68182949076,2015-02-03,0.005257679598623888
105662.69446188904,2015-02-04,-0.004719008977159933
107979.40590219782,2015-02-05,0.021925538167535397
106560.16173565346,2015-02-06,-0.01314365600260703
105316.80803453623,2015-02-09,-0.01166809134732405
106047.93424522577,2015-02-10,0.006942160746552295
107020.32248651682,2015-02-11,0.00916932751412669
108013.23119747339,2015-02-12,0.009277758540502168
108665.97255861461,2015-02-13,0.0060431611378040095
108806.29105576505,2015-02-17,0.0012912827617195255
109396.10192561659,2015-02-18,0.005420742349808272
110373.17362666641,2015-02-19,0.008931503809104457
110585.7743123283,2015-02-20,0.0019261989002963276
110553.1870502149,2015-02-23,-0.0002946786086731601
110147.84250575678,2015-02-24,-0.0036665116155719657
110146.61172372477,2015-02-25,-1.1173909574724306e-05
110630.54398757593,2015-02-26,0.004393528373482614
110180.35242635386,2015-02-27,-0.004069324302270805
110210.0227363743,2015-03-02,0.00026928857429719955
109536.06557490167,2015-03-03,-0.0061152075350239254
108431.90092623654,2015-03-04,-0.010080375288905152
109147.99488011978,2015-03-05,0.006604089274155234
106361.78168173535,2015-03-06,-0.025526929756653827
106875.61479512561,2015-03-09,0.004830993851981491
105013.84985481494,2015-03-10,-0.017419922625751205
104690.89439638384,2015-03-11,-0.003075360620314327
106439.08451898821,2015-03-12,0.0166985880929178
105392.1346777273,2015-03-13,-0.00983614098140928
106608.2643564535,2015-03-16,0.011539093334098638
106123.37976368197,2015-03-17,-0.004548283340870096
107868.4181581331,2015-03-18,0.016443486801278162
106780.87901147135,2015-03-19,-0.010082090432321444
107356.21976598032,2015-03-20,0.0053880503685230785
107695.01394398935,2015-03-23,0.0031557945943658794
107087.58183892496,2015-03-24,-0.005640299237811619
106393.10074265726,2015-03-25,-0.0064851692823945095
105633.08566578157,2015-03-26,-0.007143462043784243
106629.12221844919,2015-03-27,0.00942921004711561
107381.16439278849,2015-03-31,0.007052877850748818
106927.1600182844,2015-04-01,-0.004227970306257767
107365.60413930527,2015-04-02,0.004100399944652944
108400.74408565686,2015-04-06,0.009641262252001237
108421.32293687985,2015-04-07,0.00018984049783576928
109384.45037161038,2015-04-08,0.008883192057075773
109757.66904436276,2015-04-09,0.0034119902004758895
109805.06055723355,2015-04-10,0.0004317831572355768
109066.91868148968,2015-04-13,-0.006722293781342814
109425.86821328328,2015-04-14,0.003291094459556998
110301.52413808033,2015-04-15,0.008002275322050112
110224.56689988301,2015-04-16,-0.0006976987743251284
108521.31872903035,2015-04-17,-0.015452527678332606
109868.27463446782,2015-04-20,0.012411901377652024
110328.48946343586,2015-04-21,0.004188787259099103
111131.05835114644,2015-04-22,0.00727435761709172
110948.93724261448,2015-04-23,-0.0016387957717138857
112198.26621590779,2015-04-24,0.011260396037515719
112027.07703028843,2015-04-27,-0.0015257738946690136
111797.72937594578,2015-04-28,-0.002047251971776798
114265.09636889622,2015-04-29,0.022069920442242097
112608.02990494893,2015-04-30,-0.014501947809133053
113210.99255691693,2015-05-01,0.005354526248944724
113699.53929649518,2015-05-04,0.004315364864702742
112464.60634838269,2015-05-05,-0.010861371609361958
112674.68379245923,2015-05-06,0.001867942732363126
113945.11967836544,2015-05-07,0.01127525583516431
115714.47783433125,2015-05-08,0.015528160933616197
115276.54029856846,2015-05-11,-0.003784639087165753
115019.46952687428,2015-05-12,-0.002230035452385759
115387.19467984364,2015-05-13,0.003197068761332078
116994.80851708577,2015-05-14,0.013932341814034466
117223.14364038632,2015-05-15,0.0019516688491969525
116352.71691809819,2015-05-18,-0.0074253828660183485
116657.99681520685,2015-05-19,0.0026237453253761256
117239.28796062399,2015-05-20,0.004982865823917271
117319.83117930593,2015-05-21,0.0006869985316610983
117048.23745124043,2015-05-22,-0.002314985670669789
116292.2239867896,2015-05-26,-0.00645899059151378
117508.9930726737,2015-05-27,0.010463030494819003
117607.45302288236,2015-05-28,0.0008378928934211771
117361.42813713985,2015-05-29,-0.002091915770802699
116675.79494567211,2015-06-01,-0.005842065850345302
116594.17414587336,2015-06-02,-0.0006995521207869837
115642.1068002987,2015-06-04,-0.008165651093197002
115774.83689343109,2015-06-05,0.0011477661277963236
115522.75904027259,2015-06-08,-0.0021773112355194524
115795.5350539864,2015-06-09,0.002361231812501252
117158.8210339063,2015-06-10,0.011773217156294535
117460.61825805662,2015-06-11,0.002575966721814149
117161.77859130122,2015-06-12,-0.0025441690260719074
116482.5062402185,2015-06-15,-0.005797729935905549
117336.35336052037,2015-06-16,0.00733026055037822
117604.27796867408,2015-06-17,0.0022833895930829406
119098.18512705048,2015-06-18,0.012702830068599402
119050.72445072891,2015-06-19,-0.0003985004160301786
119383.25420149494,2015-06-22,0.002793177045332884
119510.46290968594,2015-06-23,0.0010655490088777864
118676.10808900936,2015-06-24,-0.006981437443741689
118676.60353116138,2015-06-25,4.174742161744405e-06
118270.91341332538,2015-06-26,-0.003418450695123587
115974.50107792957,2015-06-29,-0.019416543502716155
116966.24668282479,2015-06-30,0.008551410833220974
117993.88328999488,2015-07-01,0.00878575346575583
118156.54148262946,2015-07-02,0.0013785307178577622
117328.3074738404,2015-07-06,-0.0070096331391928945
118229.12682956664,2015-07-07,0.007677766560530097
116380.13279766051,2015-07-08,-0.01563907373325646
116619.95821684806,2015-07-09,0.002060707557401731
117836.94775074927,2015-07-10,0.010435516806122536
119196.6929542443,2015-07-13,0.011539209301068887
120138.69519680945,2015-07-14,0.007902922633321374
119303.4125446698,2015-07-15,-0.006952652938100434
121035.4634608647,2015-07-16,0.01451803330056789
120585.01929825751,2015-07-17,-0.0037215882827006386
121013.73677557915,2015-07-20,0.0035553129220906587
121191.63197350407,2015-07-21,0.0014700413578239147
121472.1705973139,2015-07-22,0.0023148349373756094
121171.16064381506,2015-07-23,-0.002478015762941266
122103.97470831778,2015-07-24,0.007698317483685324
121451.31916260626,2015-07-27,-0.005345080266802027
122372.22140431311,2015-07-28,0.007582480355556198
123072.78122925665,2015-07-29,0.0057248272271606115
125070.68949079419,2015-07-30,0.016233550924764417
125101.87175416853,2015-07-31,0.00024931711419595715
125162.22265696432,2015-08-03,0.0004824140674279942
124357.23688077832,2015-08-04,-0.006431539478107928
125747.49365568068,2015-08-05,0.01117954057016557
125687.0557863703,2015-08-06,-0.00048062881854227246
124453.12106354476,2015-08-07,-0.009817516331378173
125562.56801207305,2015-08-10,0.008914577143965818
124739.47903735877,2015-08-11,-0.006555209787005412
125120.01848323586,2015-08-12,0.0030506736825726133
124539.99055476428,2015-08-13,-0.004635772400795268
125326.82974107505,2015-08-14,0.006317964075681859
125310.4901288295,2015-08-17,-0.00013037601189880288
125107.17019660713,2015-08-18,-0.001622529223318292
123593.5080881858,2015-08-19,-0.012098923715104348
120052.60890228988,2015-08-20,-0.028649556442474577
116399.94371493103,2015-08-21,-0.030425537776790357
111922.9860378051,2015-08-24,-0.038461854312320076
110976.00002045871,2015-08-25,-0.008461050324608976
115347.12287382616,2015-08-26,0.03938800148285759
117487.2884402962,2015-08-27,0.018554130464190965
117689.45652722094,2015-08-28,0.001720765621614273
116601.91388575654,2015-08-31,-0.009240782254890112
112764.31191862884,2015-09-01,-0.03291199809025158
115635.24084146525,2015-09-02,0.025459552530308294
116468.55085661451,2015-09-03,0.007206367272514447
114737.24279711746,2015-09-04,-0.014865026196028475
116618.01176008563,2015-09-08,0.016391965826595856
115253.55342314231,2015-09-09,-0.011700236664558994
115830.93816367484,2015-09-10,0.005009691444503472
116412.03208664925,2015-09-11,0.005016741918754786
115409.0878242422,2015-09-14,-0.008615469075056836
117143.69650527096,2015-09-15,0.01503008743705192
117964.93280597901,2015-09-16,0.007010503554248926
118774.30921682244,2015-09-17,0.006861161122980741
116601.85415724423,2015-09-18,-0.018290614139564343
116422.69138000862,2015-09-21,-0.0015365345476754388
114291.36095850536,2015-09-22,-0.018306830019471865
114531.91839264751,2015-09-23,0.002104773555277495
113644.42457153062,2015-09-24,-0.0077488776366629875
112671.42005120691,2015-09-25,-0.008561832434738403
108629.65630354398,2015-09-28,-0.03587212929264605
107885.0302721452,2015-09-29,-0.006854721415283316
110211.88061239236,2015-09-30,0.021567870300240655
110885.44442154877,2015-10-01,0.006111535393586998
113324.84631063454,2015-10-02,0.021999297579689436
115898.76197959893,2015-10-05,0.022712721461885188
115104.78486802094,2015-10-06,-0.006850609083449477
116325.8709333133,2015-10-07,0.010608473546016794
117994.57661416047,2015-10-08,0.014345095097579863
117480.85290266984,2015-10-09,-0.004353790879478292
117636.7747668289,2015-10-12,0.0013272108629329704
116761.3795026802,2015-10-13,-0.007441510241026572
116395.61661854018,2015-10-14,-0.003132567341169623
117555.25829043616,2015-10-15,0.009962932501972555
118408.95577612151,2015-10-16,0.007262095274174651
119058.84961747483,2015-10-19,0.0054885531005111066
118298.66636286932,2015-10-20,-0.006384937004245472
117433.14047423608,2015-10-21,-0.007316446712749336
120601.61872936194,2015-10-22,0.026981125109406534
121391.98060940712,2015-10-23,0.006553493131952193
122216.3400946974,2015-10-26,0.006790889160485314
119947.56592688954,2015-10-27,-0.018563591137240265
121353.93665447376,2015-10-28,0.011724879256336251
120895.56990275989,2015-10-29,-0.00377710657231467
120465.27662969302,2015-10-30,-0.0035592145635523487
121743.74850472905,2015-11-02,0.010612783291620298
121403.61057837287,2015-11-03,-0.0027938841257461045
121186.71691323943,2015-11-04,-0.001786550367819717
121934.84905506797,2015-11-05,0.006173384021650907
121344.7235844297,2015-11-06,-0.004839678526782465
119335.29700590797,2015-11-09,-0.016559653515742734
119218.18665029235,2015-11-10,-0.0009813555465473245
119211.72979714103,2015-11-11,-5.4159967809774834e-05
117248.83619000144,2015-11-12,-0.01646560796055707
116005.60304810233,2015-11-13,-0.010603372982606385
117678.09989740081,2015-11-16,0.014417379896770832
117084.62874700256,2015-11-17,-0.0050431741412860775
119396.22138215728,2015-11-18,0.01974292150807977
119319.16598750777,2015-11-19,-0.0006453754880807461
118633.12767745681,2015-11-20,-0.005749606983699418
118541.67038585372,2015-11-24,-0.0007709254016444733
118675.54269696899,2015-11-25,0.0011293270179129067
119491.48988534637,2015-11-27,0.006875445183013529
118162.42578210063,2015-11-30,-0.011122667434484201
119259.61971606441,2015-12-01,0.009285472320846422
118250.68264903255,2015-12-02,-0.008460005737348175
114825.20077408977,2015-12-03,-0.02896796701892701
118388.79171265788,2015-12-04,0.031034920161639556
117032.50592865176,2015-12-07,-0.011456200915522241
116878.67083944507,2015-12-08,-0.0013144646266096682
116154.97469724841,2015-12-09,-0.006191858078115842
116573.99858822054,2015-12-10,0.0036074554022700323
113151.54382099336,2015-12-11,-0.029358646084676754
114389.23129285997,2015-12-14,0.010938317145938736
115922.13641752428,2015-12-15,0.013400781763623915
117050.58580388254,2015-12-16,0.009734546146508594
115162.4262975616,2015-12-17,-0.016131141022092232
113160.74836363023,2015-12-18,-0.017381345620136046
115477.96233719669,2015-12-21,0.020477188486950793
116741.58548085035,2015-12-22,0.010942547981266593
119053.99639452604,2015-12-23,0.019807945079305167
118628.92626221832,2015-12-24,-0.003570397846193285
119793.16675732574,2015-12-29,0.00981413666793185
119124.1368052061,2015-12-30,-0.0055848757506757885
117745.9132971398,2015-12-31,-0.011569641090621197
115289.65789256805,2016-01-04,-0.020860642512264715
115615.77507975405,2016-01-05,0.0028286768574670162
114848.74587727283,2016-01-06,-0.006634295380125388
110053.11408866114,2016-01-07,-0.04175606578879232
108687.4265122708,2016-01-08,-0.012409349682646065
109500.74161628526,2016-01-11,0.007483065246030485
110128.53942142325,2016-01-12,0.005733274458888493
106373.49817850062,2016-01-13,-0.03409689497972368
108681.56238650595,2016-01-14,0.021697737195144784
106547.60819199121,2016-01-15,-0.01963492378703313
107055.84814669889,2016-01-19,0.004770073803926911
106272.4414655242,2016-01-20,-0.007317738308898258
106127.75937073476,2016-01-21,-0.001361426281303424
109009.03687899088,2016-01-22,0.02714914104792321
106169.8108057258,2016-01-25,-0.026045786244463853
109218.94641869044,2016-01-26,0.02871942212032441
108185.46258299326,2016-01-27,-0.009462495927541004
108891.88996164774,2016-01-28,0.0065297810055815475
112525.15724747156,2016-01-29,0.03336582078888961
111769.79247705912,2016-02-01,-0.006712852386877355
109376.57893703737,2016-02-02,-0.021411988758169742
105958.2572897737,2016-02-03,-0.03125277532433546
105398.43801248717,2016-02-04,-0.005283394532957786
102971.13817632842,2016-02-05,-0.023029751502305684
100491.05871105837,2016-02-08,-0.024085190366868958
101414.3058099811,2016-02-09,0.009187355678850428
102020.51078367876,2016-02-10,0.005977509473204856
101221.97568369555,2016-02-11,-0.007827201548484708
103010.86229754137,2016-02-12,0.017672907506131263
105469.81176996874,2016-02-16,0.023870778455623576
107316.21169901537,2016-02-17,0.017506430494762304
106660.77193070101,2016-02-18,-0.006107555959510069
106549.66139984774,2016-02-19,-0.0010417187954111506
107245.17541051554,2016-02-23,0.0065276041381094885
108548.07857359477,2016-02-24,0.012148827749984603
110268.76821365046,2016-02-25,0.015851866404885895
109300.66707886767,2016-02-26,-0.008779468116548172
108581.7820665992,2016-02-29,-0.0065771328893148295
110746.88968428799,2016-03-01,0.01993987919963236
112240.16106108925,2016-03-03,0.013483641672088487
112409.24292445657,2016-03-04,0.0015064292653259592
110467.97246540492,2016-03-08,-0.017269669366568596
111482.26861922798,2016-03-09,0.009181811987548638
110849.76247947273,2016-03-10,-0.005673603054451637
112723.13528840599,2016-03-11,0.01690010665814623
113009.79114310798,2016-03-14,0.002543008176348005
112214.56775157509,2016-03-16,-0.007036765429695224
111105.2874860054,2016-03-17,-0.00988534989526002
111205.0349129921,2016-03-18,0.000897773897567733
111214.56498333515,2016-03-21,8.56981911880883e-05
110113.55775162281,2016-03-22,-0.009899847487398028
109349.30690237583,2016-03-23,-0.006940569942993413
108899.14881249965,2016-03-24,-0.004116698154091325
108615.7887193829,2016-03-28,-0.002602041395242116
110360.32197019161,2016-03-29,0.016061506999832664
110649.30830204271,2016-03-30,0.0026185709382866573
110110.15903267452,2016-03-31,-0.004872595026951809
111672.08013424465,2016-04-01,0.01418507715629258
111382.55129131862,2016-04-04,-0.00259266991872964
110665.12040028164,2016-04-05,-0.006441142555269397
112329.43043837139,2016-04-06,0.015039156258718656
111106.55549845287,2016-04-07,-0.0108865053009366
112392.9982357938,2016-04-08,0.0115784593588526
112084.82000073978,2016-04-11,-0.002741970050549547
112952.78721437046,2016-04-12,0.007743842686502411
114997.9795707185,2016-04-13,0.01810661256606716
114439.27878317425,2016-04-14,-0.00485835307393967
115594.6629515607,2016-04-15,0.01009604552450516
116508.88076004574,2016-04-18,0.007908823687371447
116213.09482607433,2016-04-19,-0.0025387415280435643
116471.97210511753,2016-04-20,0.002227608510302792
114081.38713059017,2016-04-21,-0.020524980656889902
114731.71897635052,2016-04-22,0.0057005955319942014
114502.0695339162,2016-04-25,-0.0020016212123662447
116119.93470773289,2016-04-26,0.0141295714601688
118764.10770806858,2016-04-27,0.022771051387437735
117476.89711770603,2016-04-28,-0.010838380510773571
116515.38886174747,2016-04-29,-0.008184658256637278
118821.07916411945,2016-05-02,0.019788719111668795
116996.13536796161,2016-05-03,-0.015358754599738678
115963.30520662853,2016-05-04,-0.008827899811260864
116698.75911626407,2016-05-05,0.006342126143481952
116754.34012398311,2016-05-06,0.0004762776240290201
117560.65198692869,2016-05-09,0.006906054730722033
119942.95505432152,2016-05-10,0.020264459469463647
118180.6423620721,2016-05-11,-0.014692923744052067
118749.29805882178,2016-05-12,0.004811749922694286
117507.7314332267,2016-05-13,-0.010455359702253308
118524.28782828056,2016-05-16,0.008650974558482627
115939.54226858818,2016-05-17,-0.021807729091249173
115725.74969823562,2016-05-18,-0.001844000469290119
115049.50491259046,2016-05-19,-0.00584351181485987
115697.18852836032,2016-05-20,0.0056296080218853906
115345.35726072987,2016-05-23,-0.003040966440979731
117798.21077645225,2016-05-24,0.02126529904604557
118279.32015931637,2016-05-25,0.004084182431065342
118482.5087212327,2016-05-26,0.001717870559643453
119395.52889668974,2016-05-27,0.007705949049451544
119157.60400950939,2016-05-31,-0.0019927453680967933
119882.11485898525,2016-06-01,0.006080273730731056
120669.31593339967,2016-06-02,0.006566459687004977
120234.72541063356,2016-06-03,-0.0036014998461246783
120416.3751627736,2016-06-06,0.0015107927557505008
120820.95387094545,2016-06-07,0.0033598313155078774
120611.8987528615,2016-06-08,-0.0017302885913916821
120431.34310286569,2016-06-09,-0.0014969969950126005
119124.52927701997,2016-06-10,-0.010851110617686177
117678.43279045152,2016-06-13,-0.012139367897988529
117338.18562834787,2016-06-14,-0.002891329821748445
116874.68112032938,2016-06-15,-0.003950159153530586
117547.82058017778,2016-06-16,0.005759497723509144
117173.07309454012,2016-06-17,-0.0031880428219598356
118060.4538614087,2016-06-20,0.007573248216786288
118417.89309900331,2016-06-21,0.0030275949812474945
117669.08183305788,2016-06-22,-0.006323463847810462
120029.7533878207,2016-06-23,0.02006195270659128
113281.62072743176,2016-06-24,-0.056220499250593914
109774.88293648956,2016-06-27,-0.030955928847273384
111706.16020776032,2016-06-28,0.017593070651581444
114214.84667207001,2016-06-29,0.0224579061677872
118194.01864935158,2016-06-30,0.03483935839537966
117946.84899164437,2016-07-01,-0.002091219678725831
116913.18116097302,2016-07-05,-0.008763844388454789
117731.26960392909,2016-07-06,0.006997401275307569
117736.04130159138,2016-07-07,4.0530418794704204e-05
120248.43733932036,2016-07-08,0.021339226374133435
120564.43382407683,2016-07-11,0.0026278635444116905
121150.62271071928,2016-07-12,0.004862038231754129
120722.00577165144,2016-07-13,-0.003537884737838115
120722.81317687419,2016-07-15,6.68813624815634e-06
120797.27516623597,2016-07-18,0.0006168013103926562
120712.23888450903,2016-07-19,-0.0007039586084198746
121119.2677878512,2016-07-20,0.003371894242899298
120625.79680568271,2016-07-21,-0.004074256649510444
121270.42010542148,2016-07-22,0.005343992054843705
122569.49673432748,2016-07-25,0.010712229971469478
122817.4444126222,2016-07-26,0.002022915039229911
121174.59877486591,2016-07-27,-0.013376321626078713
122088.81687935985,2016-07-28,0.0075446348800582985
122082.79083413171,2016-07-29,-4.9357880452682856e-05
121381.80788672285,2016-08-01,-0.005741865357266063
120007.95147991172,2016-08-02,-0.01131847045887846
120065.26485227379,2016-08-03,0.00047757979079965374
119117.52553586489,2016-08-04,-0.007893534550354575
120672.58605080342,2016-08-05,0.013054842332754113
121158.65413197211,2016-08-08,0.0040279909221805354
121542.51868165383,2016-08-09,0.003168280074022478
121465.61974086182,2016-08-10,-0.0006326916837509078
121379.45363064889,2016-08-11,-0.000709386823998126
121366.63530869983,2016-08-12,-0.0001056053686653291
121677.364234524,2016-08-15,0.002560249981667706
120817.99681579605,2016-08-16,-0.007062672865526309
121867.54228651062,2016-08-18,0.008686996129514846
121952.99200135382,2016-08-19,0.0007011687709457259
122122.55991890973,2016-08-22,0.0013904367147796748
122317.97769421517,2016-08-23,0.001600177521951629
121516.31958102241,2016-08-24,-0.006553886258623631
120795.08725798728,2016-08-25,-0.005935271291311994
120043.90131397262,2016-08-26,-0.0062186795925758265
120392.9092124767,2016-08-29,0.0029073355221209685
122231.03635095393,2016-08-30,0.015267735870001964
122045.86394189631,2016-08-31,-0.0015149377325570645
120710.12017892634,2016-09-01,-0.010944604920047896
121400.25283740794,2016-09-02,0.0057172725655365575
121756.13889335429,2016-09-06,0.0029315100061857446
120533.79893134868,2016-09-07,-0.01003924708121906
120326.44501553809,2016-09-08,-0.0017202968598765134
116667.77357875144,2016-09-09,-0.030406212336067884
119446.94647036826,2016-09-12,0.023821255916406603
117130.85862838065,2016-09-13,-0.019390096695039216
117134.17316638266,2016-09-14,2.8297735036098004e-05
118190.01053153312,2016-09-15,0.009013914015090219
118257.10007892882,2016-09-16,0.0005676414368185334
118326.56962286269,2016-09-19,0.0005874450150351596
118390.18470965659,2016-09-20,0.0005376230122842163
119664.29763876235,2016-09-21,0.010761981090159134
120725.95398019587,2016-09-22,0.00887195564911436
120125.83220325744,2016-09-23,-0.004970942511971277
119000.49965845382,2016-09-26,-0.009367947960597811
120148.54926668441,2016-09-27,0.009647435191664222
120972.7790886048,2016-09-28,0.0068600896719186455
120075.24532125983,2016-09-29,-0.007419303533463317
121576.8387826778,2016-09-30,0.012505437381372664
121644.0516116853,2016-10-03,0.0005528423808389693
120547.07091405345,2016-10-04,-0.009017955938640188
120718.17784240199,2016-10-05,0.0014194200410770907
120570.42485310986,2016-10-06,-0.0012239497972296176
119912.35219123316,2016-10-07,-0.0054579940535037785
120632.69259908152,2016-10-10,0.006007224399197764
117734.15196707203,2016-10-12,-0.024027820067340167
116956.18262555552,2016-10-13,-0.006607847667973954
116898.44780518963,2016-10-14,-0.0004936448768231294
116596.39029409838,2016-10-17,-0.002583930896966402
117300.70994665576,2016-10-18,0.0060406643017063555
117534.98108198596,2016-10-19,0.0019971842918660165
117554.88677538846,2016-10-20,0.00016935973630372025
117463.24287382887,2016-10-21,-0.0007795839379666214
118016.38779169247,2016-10-24,0.004709089450712245
117886.7905300057,2016-10-25,-0.00109812937094389
119708.31280399056,2016-10-26,0.015451453600488163
118710.74072304452,2016-10-27,-0.008333356786837776
120092.78115835869,2016-10-28,0.011642084169439348
119264.55308154308,2016-10-31,-0.006896568376774215
118574.90270593845,2016-11-01,-0.005782525970923658
117578.40300139997,2016-11-02,-0.008403968139950813
116139.52209935765,2016-11-03,-0.012237629235576475
115371.64760220102,2016-11-04,-0.006611655388935711
118990.78815362204,2016-11-07,0.03136941030693907
121555.70646056878,2016-11-08,0.021555603982010174
120624.38494739281,2016-11-09,-0.007661684838120464
118250.27201900231,2016-11-10,-0.019681865564959433
116746.53393182503,2016-11-11,-0.012716571907214202
117651.6821571325,2016-11-14,0.007753105765315738
119269.41755506743,2016-11-15,0.013750210522058826
119354.2861758207,2016-11-16,0.0007115706816802625
120345.8608551954,2016-11-17,0.008307826313954214
120109.5755258535,2016-11-18,-0.001963385592681055
120668.3085852598,2016-11-21,0.004651861077354491
120928.71551832903,2016-11-22,0.0021580391415301214
120224.7367931341,2016-11-23,-0.005821435563732824
121412.11783132303,2016-11-25,0.00987634549977856
120700.0118001436,2016-11-28,-0.0058651973452003014
120823.71590599764,2016-11-29,0.0010248889292476804
118423.50379929293,2016-11-30,-0.019865405468675545
117452.60366854418,2016-12-02,-0.008198542515633123
117880.18068370568,2016-12-05,0.003640421768495994
117469.05995712029,2016-12-06,-0.0034876153412802813
120495.4998377298,2016-12-07,0.02576371924415044
119751.29489931809,2016-12-08,-0.006176205247614419
120381.72017202937,2016-12-09,0.005264454745489866
121267.88568743115,2016-12-12,0.007361296334156275
122179.20665523245,2016-12-13,0.007514940683885918
121198.19677050371,2016-12-14,-0.00802927037738077
123994.80146578087,2016-12-15,0.02307463947316557
123033.93875672454,2016-12-16,-0.007749217690561805
123096.99866567201,2016-12-19,0.0005125407638306712
123013.87321172305,2016-12-20,-0.0006752841649269037
123618.80536208698,2016-12-21,0.004917592906962254
123771.87077174732,2016-12-22,0.0012382048929528988
123989.65999363014,2016-12-23,0.0017596019234811244
124141.87183546614,2016-12-27,0.0012276172210152758
123141.72014588884,2016-12-28,-0.008056521742340617
123430.10301043917,2016-12-29,0.002341877831564032
122096.58267171415,2016-12-30,-0.010803850164592621
123330.51430947812,2017-01-03,0.010106193070789748
123441.74504454169,2017-01-04,0.0009018914393275068
123632.08574874434,2017-01-05,0.0015419476137021881
124207.44968922171,2017-01-06,0.004653839955807815
123477.73055822881,2017-01-09,-0.00587500293113441
123003.27216751609,2017-01-10,-0.0038424612160244953
124793.96087117228,2017-01-11,0.014558057457345397
124508.06435329947,2017-01-12,-0.002290948342988708
124403.26974899802,2017-01-17,-0.0008416692111130608
124860.75592191254,2017-01-18,0.0036774449243783813
123900.21352973068,2017-01-19,-0.007692908673262999
125104.17499632936,2017-01-20,0.00971718637361163
124391.17370739245,2017-01-23,-0.005699260547922025
125044.51998232605,2017-01-24,0.005252352361193147
126177.10227759965,2017-01-25,0.009057432468321469
125319.25666535282,2017-01-26,-0.006798742376881495
124636.70866445123,2017-01-27,-0.005446473423667331
124890.46079531254,2017-01-30,0.002035934144766882
125000.93040838781,2017-01-31,0.0008845320320847172
124307.37322321476,2017-02-01,-0.005548416183040694
124815.3163508469,2017-02-02,0.0040861866393078206
125487.89760079922,2017-02-03,0.005388611507114449
124928.83845010342,2017-02-06,-0.004455084206401061
124454.17477670254,2017-02-07,-0.0037994723979640765
125545.06138625683,2017-02-08,0.00876536774689618
126034.8480807835,2017-02-09,0.0039012820505919255
126683.2963601643,2017-02-10,0.005144991954647127
126942.7604710156,2017-02-13,0.002048131981927881
127095.23804393352,2017-02-14,0.001201152175611675
127681.50412097515,2017-02-15,0.004612809150559727
124371.30187907757,2017-02-16,-0.02592546402618534
123621.48171797337,2017-02-17,-0.006028884073539964
127869.99817064346,2017-02-21,0.034367137439450524
126837.1448775822,2017-02-22,-0.00807737004643505
127344.9916034037,2017-02-23,0.004003927448159139
128687.4597797686,2017-02-24,0.010541978600507651
126122.84411790909,2017-02-28,-0.01992902545631492
127025.68177035393,2017-03-01,0.0071583990890722315
126325.63489916862,2017-03-02,-0.005511065647739621
126380.98946097435,2017-03-03,0.00043818946051543683
126077.00931456627,2017-03-06,-0.0024052679734870575
125049.69324317516,2017-03-08,-0.008148322021407695
125873.59837785305,2017-03-09,0.006588621797541716
126740.91228142323,2017-03-13,0.006890355997980047
126064.60270968021,2017-03-14,-0.005336158305703997
127810.1289662415,2017-03-15,0.013846283723125019
128234.78945961536,2017-03-16,0.0033225887244510144
128518.13159671368,2017-03-17,0.0022095574710445653
128039.35657754481,2017-03-20,-0.0037253499815205204
126508.35496869625,2017-03-21,-0.011957273527232526
126958.06054863005,2017-03-22,0.003554750040383192
126985.48630356239,2017-03-23,0.00021602216364846605
126698.45350214676,2017-03-24,-0.002260359114816257
126511.15735767418,2017-03-27,-0.0014782827990036385
126903.68388260511,2017-03-28,0.0031027028218639785
126644.575283896,2017-03-29,-0.0020417736568529854
125995.63027371075,2017-03-30,-0.00512414376005077
125834.83442438372,2017-03-31,-0.0012762017934885295
126118.71972361658,2017-04-03,0.00225601520065144
126865.94483748528,2017-04-04,0.005924775604337018
127018.31319085213,2017-04-05,0.001201018552000166
127683.6347860441,2017-04-06,0.005237997407447015
127679.34533253763,2017-04-07,-3.3594387516155955e-05
128173.95793953989,2017-04-10,0.0038738654691097274
127984.82422675159,2017-04-11,-0.0014756017199493154
128407.31990451437,2017-04-12,0.0033011388679506926
127578.46741286166,2017-04-13,-0.006454869490844062
128056.94498434909,2017-04-17,0.0037504571201580905
128609.76929608233,2017-04-18,0.004317019368225594
127828.19684449084,2017-04-19,-0.006077084624824813
128521.42548838504,2017-04-20,0.0054231277684182455
128469.70811215288,2017-04-21,-0.0004024027591946755
129979.78839341052,2017-04-24,0.011754368430100026
130070.34944167979,2017-04-26,0.000696731771828718
129508.07101336367,2017-04-27,-0.004322879355130982
129346.4106263245,2017-04-28,-0.001248264959660239
127798.1511842335,2017-05-01,-0.011969867850170623
127454.21792316677,2017-05-02,-0.002691222508930613
129571.5528394144,2017-05-03,0.016612513502880066
129425.56077819815,2017-05-04,-0.001126729270561344
128955.75274473181,2017-05-05,-0.0036299478297913135
128452.3498194789,2017-05-08,-0.003903687230219166
128296.20770579329,2017-05-09,-0.0012155644790075026
128771.71527246191,2017-05-10,0.0037063259715286456
129097.73497310831,2017-05-11,0.002531764836374073
129273.18722072794,2017-05-12,0.001359065266762327
131418.8945542927,2017-05-15,0.016598239586226526
131113.4793678875,2017-05-16,-0.0023239823119879377
128810.77746932088,2017-05-17,-0.017562663348331675
129093.3925973643,2017-05-18,0.0021940332447005773
130730.38535039318,2017-05-19,0.012680685820493975
131868.28583686243,2017-05-22,0.008704177559175408
131719.18588106523,2017-05-23,-0.0011306733446254658
131779.4198412169,2017-05-24,0.0004572907109072766
132772.79927164607,2017-05-25,0.007538198541366281
131862.37162683895,2017-05-26,-0.006857034345901125
131127.4991470546,2017-05-30,-0.00557302641168933
131392.55271062942,2017-05-31,0.0020213423217778637
132483.46762689328,2017-06-01,0.008302714984664616
132548.8763307068,2017-06-02,0.0004937121965866709
131927.6573895865,2017-06-05,-0.004686716012366365
132538.3546018009,2017-06-06,0.004629030972717052
131744.48863982258,2017-06-07,-0.005989707389709387
131393.3046563874,2017-06-08,-0.0026656445902286663
129440.03775367932,2017-06-09,-0.014865802392413752
129151.62451912442,2017-06-12,-0.002228160927330247
129684.2753491262,2017-06-13,0.004124228649736494
129377.87623088536,2017-06-14,-0.0023626543574074566
129248.38882164171,2017-06-15,-0.0010008466131610216
127856.48167614151,2017-06-16,-0.010769241753728842
129112.10881207397,2017-06-19,0.00982059821662351
128030.47723703147,2017-06-20,-0.008377460371411294
129005.97736696959,2017-06-21,0.007619280588418764
128948.64093045949,2017-06-22,-0.00044444790606101847
128731.89682845831,2017-06-23,-0.0016808560403367423
128484.08259181738,2017-06-26,-0.0019250414446324582
125739.90254573584,2017-06-27,-0.021358132390605578
126827.75233011007,2017-06-28,0.008651587621348433
124789.7664039588,2017-06-29,-0.01606892725534359
124457.03371362446,2017-06-30,-0.0026663459666815825
124273.34675197363,2017-07-03,-0.0014759066335575666
124714.80077634811,2017-07-05,0.0035522824154365917
124352.62261373528,2017-07-06,-0.0029040511660065604
125110.79910090071,2017-07-07,0.0060969883162051985
125452.78666053539,2017-07-10,0.0027334775422453994
125266.41393752611,2017-07-11,-0.0014856005033477837
126447.46417232073,2017-07-12,0.009428307218754206
126678.87759299792,2017-07-13,0.0018301151564559248
127359.18718166865,2017-07-14,0.0053703474612118995
127222.46553535973,2017-07-17,-0.001073512239944563
127634.00266094721,2017-07-18,0.003234783446899092
128640.05879040278,2017-07-20,0.007882351947608335
128816.4705123476,2017-07-21,0.0013713591520683188
128624.51187630213,2017-07-24,-0.0014901715229580503
129107.57815644644,2017-07-25,0.003755631590725672
129316.11292407414,2017-07-26,0.0016152016063302188
128835.55472812554,2017-07-27,-0.003716150950429098
128151.4895962838,2017-07-28,-0.005309598994511111
127742.04363576211,2017-07-31,-0.0031950152262105735
126227.7229599122,2017-08-01,-0.01185452050671576
127023.31217614448,2017-08-02,0.0063028089042289626
125572.9926364062,2017-08-03,-0.011417743049615292
125757.74983596681,2017-08-04,0.0014713131835248916
126879.17621189797,2017-08-07,0.008917354019087442
125985.17687565529,2017-08-08,-0.007046068259062732
125413.06807444635,2017-08-09,-0.004541080271479925
123718.88522481373,2017-08-10,-0.013508822291365519
124321.46766892653,2017-08-11,0.004870577705399004
124921.11151067,2017-08-14,0.00482333303320015
125147.48035076838,2017-08-15,0.0018120943478721063
125691.17791192413,2017-08-16,0.004344454715603074
123363.99310007085,2017-08-17,-0.018515100665887685
122437.6694751139,2017-08-18,-0.007508865445085999
122875.66714678593,2017-08-21,0.0035773114070996037
124258.26558944822,2017-08-22,0.011252011686013086
123318.61569991635,2017-08-23,-0.007562071505460177
121669.74820775435,2017-08-24,-0.013370791447856911
121181.81039598,2017-08-25,-0.004010346195022829
121441.68147542489,2017-08-28,0.0021444726613319975
122742.37409427178,2017-08-29,0.010710429920308018
123657.31100728524,2017-08-30,0.007454124297047837
123753.77548518193,2017-09-01,0.000780095225352273
122868.6477949859,2017-09-05,-0.007152328781290573
122448.2451198301,2017-09-06,-0.0034215618280203364
123992.2956220968,2017-09-07,0.012609821404591548
123656.05461700576,2017-09-08,-0.0027117894979203916
124892.84967945982,2017-09-11,0.010001896520835274
125029.50619654017,2017-09-12,0.0010941900791845427
124928.88077559427,2017-09-13,-0.0008048133917102351
124289.9457408958,2017-09-14,-0.005114390129262181
124668.1494608422,2017-09-15,0.0030429148366903913
124649.45703166001,2017-09-18,-0.00014993748814784436
124487.42059832586,2017-09-19,-0.001299936936692836
123887.95569191298,2017-09-20,-0.004815465719601675
123278.52137004212,2017-09-21,-0.004919237858653669
123285.9929667917,2017-09-22,6.060744942870677e-05
123758.83492011174,2017-09-25,0.003835325830140235
123783.72827166661,2017-09-26,0.0002011440360676353
123998.29247385605,2017-09-27,0.001733379703336757
123697.34221035584,2017-09-28,-0.002427051675438774
124490.57488421525,2017-09-29,0.0064126897125280635
125942.74884614105,2017-10-02,0.011664930965869624
125759.27079602834,2017-10-03,-0.001456836950072149
126047.90126761554,2017-10-04,0.0022951029356343966
126492.23812970278,2017-10-05,0.003525142883131771
125830.6054107889,2017-10-09,-0.005230619117004176
127436.70476124134,2017-10-10,0.012763980155774846
127968.24419376698,2017-10-11,0.00417100735240683
128260.96771619168,2017-10-12,0.002287470022495963
128070.82034152237,2017-10-13,-0.0014825038205703578
127892.82935952595,2017-10-16,-0.001389785600824478
126989.56698963148,2017-10-17,-0.007062650614721
126156.6028259171,2017-10-18,-0.00655931178804936
126279.03722327513,2017-10-19,0.0009704953574802833
127362.91793514254,2017-10-20,0.008583219635662775
127173.35864903635,2017-10-23,-0.0014883396924268988
126386.51389913901,2017-10-24,-0.006187182270374847
126110.83636627879,2017-10-25,-0.0021812258630713455
126219.02207844138,2017-10-26,0.0008578621415877841
125984.36242415122,2017-10-27,-0.0018591465091872816
122747.1707852646,2017-10-30,-0.02569518610562127
127568.11959323352,2017-10-31,0.039275437284031156
126798.03457739731,2017-11-01,-0.006036657264304912
126764.75397681726,2017-11-02,-0.00026246937258112
126506.34766847725,2017-11-03,-0.0020384712645541425
125178.49969981858,2017-11-06,-0.010496295190960847
126859.5756258968,2017-11-07,0.01342943021452947
127784.99843263661,2017-11-08,0.0072948597074677934
126843.36874330079,2017-11-09,-0.007368859419223717
128268.74634873903,2017-11-10,0.011237304871040132
128529.83826005495,2017-11-13,0.0020355068459627645
129648.8948189024,2017-11-14,0.00870658964483595
128162.3139544729,2017-11-15,-0.011466205450543887
129296.17371237313,2017-11-16,0.008847060597727774
128752.63234055079,2017-11-20,-0.0042038473082078864
129529.24042046106,2017-11-21,0.006031784094760573
129438.45178139246,2017-11-22,-0.0007009123096367587
128973.71391665972,2017-11-24,-0.0035904158179953516
131037.25312411822,2017-11-28,0.01599968819066433
131535.03024399315,2017-11-29,0.0037987450744518814
131918.2114297155,2017-11-30,0.0029131493337672953
131461.40097723054,2017-12-01,-0.0034628308520415763
131251.15860564943,2017-12-04,-0.0015992707366441206
131360.27465636964,2017-12-06,0.0008313530476942166
130504.98099858995,2017-12-07,-0.0065110525995556445
130768.20406635042,2017-12-08,0.0020169580175894986
131251.71223504777,2017-12-11,0.0036974444372732673
131089.87183625932,2017-12-12,-0.0012330536191301755
130996.70035226578,2017-12-13,-0.000710745099437804
130575.90128381486,2017-12-14,-0.0032122875409787977
132178.00205667253,2017-12-15,0.012269498101149523
131985.65694196458,2017-12-18,-0.0014551976252862309
132583.70652820385,2017-12-19,0.00453117103854872
132456.0142641238,2017-12-20,-0.0009631067604289889
133151.1566874134,2017-12-21,0.005248100111961973
133701.7414319852,2017-12-22,0.0041350353858686795
134002.02352694064,2017-12-26,0.0022459101260712266
133364.23166183024,2017-12-27,-0.004759568910406631
133191.51711371928,2017-12-28,-0.0012950589971448823
132515.92213681727,2017-12-29,-0.005072357395893179
132155.51826909572,2018-01-02,-0.002719702371685284
133138.72479632884,2018-01-03,0.007439768994217166
133441.68896106273,2018-01-04,0.002275552550149218
134760.4274585769,2018-01-05,0.009882507541544738
134628.46918807135,2018-01-08,-0.000979206381236053
134804.37077137278,2018-01-09,0.001306570477717539
134192.27654048253,2018-01-10,-0.004540611164072339
134152.77646490384,2018-01-11,-0.0002943543145478289
134093.61235376645,2018-01-12,-0.00044102039999793785
135305.6136402731,2018-01-16,0.00903847144716452
137794.4114005213,2018-01-17,0.018393898769528905
137216.7386786585,2018-01-18,-0.004192279759327122
138558.5840444212,2018-01-19,0.009779020975750674
139089.09097429563,2018-01-22,0.0038287554216369646
139587.28646394063,2018-01-23,0.003581844457787753
139756.2338945513,2018-01-24,0.0012103353743058154
139684.46083375264,2018-01-25,-0.0005135589218352443
139651.25631638814,2018-01-26,-0.00023771088900159665
140262.01373978902,2018-01-29,0.004373447396829544
139266.2073442583,2018-01-30,-0.007099615704777573
139169.76555558492,2018-01-31,-0.0006924995697985548
142143.95786973287,2018-02-01,0.021370965901067462
140767.27343746473,2018-02-02,-0.00968514211156124
135850.92592426587,2018-02-05,-0.03492535866571944
137484.2504566637,2018-02-06,0.0120229179248168
136077.39693240638,2018-02-07,-0.010232834085245002
131782.294910277,2018-02-08,-0.03156366978612091
130700.12796304512,2018-02-09,-0.008211777977980117
132097.83016414093,2018-02-12,0.010693961994367784
132922.65794263827,2018-02-13,0.006244067578342616
134061.63385139452,2018-02-14,0.00856871150776839
137299.7358435248,2018-02-15,0.02415383058600984
137030.94135509478,2018-02-16,-0.001957720361067228
136147.1521209334,2018-02-20,-0.0064495596791616094
135631.67398200976,2018-02-21,-0.0037861837790463815
135598.57052265154,2018-02-22,-0.00024406879592597797
136659.10084377276,2018-02-23,0.00782110251629864
139441.9152104208,2018-02-26,0.02036318364065126
137500.0537428158,2018-02-27,-0.013925952355679283
137045.36761801416,2018-02-28,-0.0033068068878874257
135199.54314391786,2018-03-01,-0.01346871117337689
137194.41798036272,2018-03-02,0.014755041252775047
139297.86224191362,2018-03-05,0.015331850176673933
140752.41054408724,2018-03-06,0.010442000176912547
135761.76092450792,2018-03-07,-0.0354569388921131
136839.48757569963,2018-03-08,0.007938366767288763
138043.1133233803,2018-03-09,0.008795894876578059
138374.02301852877,2018-03-12,0.002397147435912128
137194.40443198854,2018-03-13,-0.008524855755493
136766.77949969942,2018-03-14,-0.00311692691884613
135534.3425614136,2018-03-15,-0.009011230232912948
134934.73195140535,2018-03-16,-0.004424049275456143
132510.14139573748,2018-03-19,-0.017968617275951226
132483.27980392153,2018-03-20,-0.0002027134793836094
131571.07720678026,2018-03-21,-0.006885416774791153
128691.3460995453,2018-03-22,-0.021887265563001357
127127.62364165956,2018-03-23,-0.012150952688583794
129761.35519950563,2018-03-26,0.020717224804499557
128263.93031423265,2018-03-27,-0.011539836979744256
127335.89531585536,2018-03-28,-0.007235354445351172
130555.92472294385,2018-03-29,0.025287680265656753
127390.173952375,2018-04-02,-0.024248235208681468
128761.27185276563,2018-04-03,0.010762980046665316
131272.58081177287,2018-04-04,0.019503604794140594
131744.38819626384,2018-04-05,0.003594104584318858
129294.32907608563,2018-04-06,-0.018597066286635933
129883.93881920392,2018-04-09,0.004560213486016984
130542.7570679527,2018-04-10,0.005072361176741369
130797.43007448727,2018-04-11,0.0019508781050334711
131666.43457439952,2018-04-12,0.006643895827443735
131626.26317719035,2018-04-13,-0.0003050997571174552
131836.6453936439,2018-04-17,0.0015983300853139593
132166.69463518672,2018-04-18,0.00250347117493277
129646.98887804562,2018-04-19,-0.019064604468592594
127129.54302195126,2018-04-20,-0.019417696298850706
127623.8329847198,2018-04-23,0.0038880810157808643
125776.95012644345,2018-04-24,-0.01447130065822011
125559.12338617856,2018-04-25,-0.0017318494370066606
126314.8098562103,2018-04-26,0.006018570770898846
126633.07284906918,2018-04-27,0.002519601567078089
125577.50907591397,2018-04-30,-0.008335608932220406
124462.01345518643,2018-05-01,-0.008882925206401437
121635.98118666225,2018-05-02,-0.022705982251698953
120785.55998972469,2018-05-03,-0.006991526591399899
124622.09355238492,2018-05-04,0.031763180656583456
124405.46929625087,2018-05-07,-0.0017382492137558714
124328.98517588193,2018-05-08,-0.0006147970889190946
124943.2872965675,2018-05-09,0.004940940520157477
126048.66508495314,2018-05-10,0.00884703622181715
126498.2222930509,2018-05-11,0.00356653684348629
126339.48976911287,2018-05-14,-0.0012548201947873983
126755.5829038428,2018-05-15,0.0032934527081782683
127211.7621500243,2018-05-16,0.0035988887884137455
127234.81087103697,2018-05-17,0.0001811838828669199
127684.69036640806,2018-05-18,0.0035358208362259447
126887.2898172377,2018-05-21,-0.006245075638137254
126923.70031565332,2018-05-22,0.00028695150214064213
127177.26535388101,2018-05-23,0.001997775337443608
127427.0277079112,2018-05-24,0.001963891528373507
127152.23947033948,2018-05-25,-0.002156436060029465
125690.15882954664,2018-05-29,-0.01149866213039763
126987.93562827176,2018-05-30,0.010325206132367981
125596.50135714182,2018-05-31,-0.01095721624456547
126846.05098539956,2018-06-01,0.009948920668614525
127810.57068802803,2018-06-04,0.007603860704654464
126590.1520099715,2018-06-05,-0.009548652130154767
127543.61934937365,2018-06-06,0.0075319234890172115
126671.75088108904,2018-06-07,-0.006835845436503951
127777.87788713066,2018-06-08,0.00873223112768029
129161.72153318014,2018-06-11,0.010830072223236176
128854.42004573431,2018-06-13,-0.002379199377323893
129850.21949279394,2018-06-14,0.007728096922916539
130745.79364097204,2018-06-15,0.006896978316065061
128943.84417188253,2018-06-19,-0.013782083682459922
129897.81328046408,2018-06-21,0.007398329983941743
131197.5529774436,2018-06-22,0.010005862794420173
131075.23320043174,2018-06-25,-0.0009323327625851974
130346.42903268423,2018-06-26,-0.005560197376365261
129522.06884849157,2018-06-27,-0.006324378736804137
129511.41735732641,2018-06-28,-8.223688256259187e-05
129709.61559093084,2018-06-29,0.0015303533668973301
129629.60296714392,2018-07-02,-0.0006168596169405793
129226.88901841726,2018-07-03,-0.0031066511005879427
132058.40318152477,2018-07-05,0.021911184155365415
133510.3779103773,2018-07-06,0.010994943857201456
133473.75513931634,2018-07-09,-0.00027430654930471476
133340.66939280086,2018-07-10,-0.0009970929968710074
133758.27046041723,2018-07-11,0.0031318356921261614
136350.58518406155,2018-07-17,0.01938059392306113
134671.7276931658,2018-07-18,-0.012312800041374472
134633.99912318136,2018-07-19,-0.0002801521197559609
135015.0290428057,2018-07-20,0.002830116628086632
133045.5697198763,2018-07-23,-0.014586963665392916
132934.45437153723,2018-07-24,-0.0008351675938780279
133480.2145129099,2018-07-25,0.004105482991244358
137313.34188088324,2018-07-26,0.02871682055622249
136538.00022276785,2018-07-27,-0.005646513641682227
136225.2503763094,2018-07-30,-0.0022905699947866065
137215.49086769964,2018-07-31,0.007269140549602815
135963.22331913855,2018-08-01,-0.00912628407071403
137239.17045887854,2018-08-02,0.009384501989519789
138678.76694973852,2018-08-03,0.010489690997449896
137842.37378271963,2018-08-06,-0.006031155204329286
137236.78937872793,2018-08-07,-0.0043933109055875885
136104.90190562155,2018-08-08,-0.00824769712429474
135654.11525734808,2018-08-09,-0.003312052997077597
134880.47038325216,2018-08-10,-0.0057030696977252715
134910.86256846334,2018-08-13,0.000225326803241499
135166.36131724264,2018-08-14,0.0018938337796901017
134525.06816920187,2018-08-15,-0.004744472972351588
135398.84281500723,2018-08-16,0.006495255179550297
136947.22660025503,2018-08-17,0.011435723917990304
137215.77164181616,2018-08-20,0.0019609381528038483
136700.0060277834,2018-08-21,-0.003758792505129005
136173.62595280554,2018-08-22,-0.003850622178252827
135654.88844546225,2018-08-23,-0.0038093830851142485
136493.9550386324,2018-08-24,0.006185303034674572
137073.13997801687,2018-08-27,0.004243301025459667
136494.479287218,2018-08-28,-0.004221546912047569
137769.88425071136,2018-08-29,0.009344004022386665
136675.3727532138,2018-08-30,-0.007944490216060474
137546.88036353484,2018-08-31,0.006376478752281756
137424.82911498443,2018-09-04,-0.0008873429061264648
138911.86816890136,2018-09-05,0.010820745155685874
138665.7041903247,2018-09-06,-0.0017720874524367325
136314.95804030792,2018-09-07,-0.01695261394115366
137304.66870887176,2018-09-10,0.007260470037860234
137619.6122780551,2018-09-11,0.0022937571762482456
138876.85830218688,2018-09-12,0.009135660269057766
140442.4067326297,2018-09-13,0.011272925162493896
140219.95660212878,2018-09-14,-0.001583924226849942
139584.85010598492,2018-09-17,-0.00452935881264005
139161.71579559895,2018-09-18,-0.0030313770446054322
138876.88814464843,2018-09-19,-0.0020467385683062833
140221.21181949435,2018-09-20,0.009679966859897693
140169.42083343322,2018-09-21,-0.0003693520073682066
139386.18982204254,2018-09-24,-0.0055877452209881495
139126.82328065688,2018-09-25,-0.0018607764636997537
138928.3414314633,2018-09-26,-0.0014266253229485715
138636.90490564163,2018-09-27,-0.0020977471034263617
138320.10536864656,2018-09-28,-0.002285102492808
138095.43839422785,2018-10-01,-0.0016242539276551948
138715.06609936638,2018-10-02,0.00448695273604649
137277.47640049693,2018-10-03,-0.010363616147071264
135451.79138354037,2018-10-05,-0.01329923207234851
135976.81486299023,2018-10-08,0.0038760910733415255
135623.79291588222,2018-10-09,-0.002596192207206083
133182.3688560144,2018-10-10,-0.018001443606447953
130275.91275364315,2018-10-11,-0.021823129647990158
131009.57611432708,2018-10-12,0.005631611747532572
130581.60639028618,2018-10-15,-0.003266705661786329
131976.53427736164,2018-10-16,0.01068242247615081
131716.76449567906,2018-10-17,-0.001968302797955346
130619.37631904482,2018-10-18,-0.008331423724504239
131872.59737121462,2018-10-22,0.009594449824264606
131611.0195256412,2018-10-23,-0.0019835648253525573
